"Almaaf Bader Ali A",
"Ambha A",
"Anand P. A",
"Arju N. A",
"Artani A",
"Arun Kumar A",
"Barkovich A",
"Bharathi A",
"Chengfeng A",
"Dang Quang A",
"David Hundely A",
"Debora Dhanya A",
"Duo A",
"Gaudel-Vacaresse A",
"Geetha Kiran A",
"Geruo A",
"Haritha A",
"Harshavardhini A",
"Ibrahim M. W. A",
"Jarina Raihan A",
"Jovita Franci A",
"Juan M. Moreno A",
"Karthik A",
"Khaled A",
"Khomenko A",
"Krishna Chaitanya A",
"Kumaravel A",
"Liya A",
"Mabrook Masoud A",
"Mani A",
"Manisha A",
"Manoj A",
"Manoj Prasad A",
"Masud M. A",
"Mehwish A",
"Min A",
"Mohamed Imran A",
"Mohamed Junaid K. A",
"Moqry A",
"Mushtaque Ahamed A",
"Nguyen Q. A",
"Nguyen Quang A",
"Niranjan A",
"Pooja A",
"Prahalad H. A",
"r e a",
"Rajan M. A",
"Rajesh A",
"Rajesh M. A",
"Rama A",
"Ramadass G. A",
"Rohit M. A",
"Rong A",
"Rong Na A",
"Sabareesh Kumar A",
"Saran Kumar A",
"Sebastian Rajasekaran A",
"Sevastianov L. A",
"Sheik Naveedh A",
"Sherin M. A",
"Shweta M. A",
"Shyam A",
"Sivaprasad A",
"Smitha A",
"Subash chandar A",
"Sudarshan Chakravarthy A",
"Suhaas A",
"Thrassou A",
"Unnikrishnan T. A",
"Vasilyev S. A",
"Vipin A",
"Vishwanath A",
"Yashaswini A",
"Yingping A",
"Yong-Ga A",
"Juan M. García-Gómez a-de-León-González",
"Enoch A-iyeh",
"Yoursif A-Rahim",
"Yousif I. A-Rahim",
"Aadhityan A.",
"Adang Suwandi A.",
"Ahmad Ramazani S. A.",
"Ahmed Abdelrahaman A. A.",
"Ahmed Awad E. A.",
"Ajay Kumara M. A.",
"Akilez Krishnamurthy A.",
"Alessandro Catania A.",
"Alexa M. Ramírez A.",
"Alexander Guerrero A.",
"Alexei Serna A.",
"Anusha A.",
"Anwar M. A.",
"Arun Kumar A.",
"Athira Ram A.",
"Avelin Diana A.",
"Awajan W. A.",
"Bharghava Varun A.",
"Bisharathu Beevi A.",
"Carlos A. Vega A.",
"David Castaño A.",
